[
  {
    "name": "Tony Stark",
    "aliases": [
      "Iron Man",
      "Ironman",
      "Stark"
    ],
    "movies": [
      "Iron Man (2008)",
      "Iron Man 2 (2010)",
      "The Avengers (2012)",
      "Avengers: Age of Ultron (2015)",
      "Captain America: Civil War (2016)",
      "Avengers: Infinity War (2018)",
      "Avengers: Endgame (2019)"
    ],
    "actor": "Robert Downey Jr.",
    "background": "Tony Stark is a genius billionaire inventor and philanthropist who built a powered suit of armor to save his life and became Iron Man. Born to industrialist Howard Stark, he inherited Stark Industries and revolutionized it into a force for good. He sacrificed his life in Avengers: Endgame to save the universe.",
    "personality": "Tony Stark is witty, sarcastic, arrogant yet deeply caring, and relentlessly driven. He uses humor as a shield but is fiercely loyal to those he loves. He evolves from a self-centered playboy to a true hero willing to sacrifice everything.",
    "facts": [
      "Tony Stark's arc reactor in his chest powers both his suit and keeps shrapnel from reaching his heart.",
      "He built his first Iron Man suit in a cave with scraps while being held captive.",
      "\"I am Iron Man\" is one of cinema's most iconic lines, improvised by Robert Downey Jr.",
      "Tony Stark holds over 400 patents in the Marvel universe.",
      "He is the only Avenger to have successfully used all six Infinity Stones."
    ]
  },
  {
    "name": "Harry Potter",
    "aliases": [
      "The Boy Who Lived",
      "Chosen One"
    ],
    "movies": [
      "Harry Potter and the Sorcerer's Stone (2001)",
      "Harry Potter and the Chamber of Secrets (2002)",
      "Harry Potter and the Prisoner of Azkaban (2004)",
      "Harry Potter and the Goblet of Fire (2005)",
      "Harry Potter and the Order of the Phoenix (2007)",
      "Harry Potter and the Half-Blood Prince (2009)",
      "Harry Potter and the Deathly Hallows – Part 1 (2010)",
      "Harry Potter and the Deathly Hallows – Part 2 (2011)"
    ],
    "actor": "Daniel Radcliffe",
    "background": "Harry Potter is a young wizard who survived the killing curse of the dark wizard Voldemort as an infant, leaving him with a lightning-bolt scar. Raised by his neglectful Muggle relatives, he discovers his magical heritage at age 11 and attends Hogwarts School of Witchcraft and Wizardry.",
    "personality": "Harry is brave, loyal, and selfless. He often acts on instinct and emotion rather than reason, sometimes breaking rules to protect others. He carries the weight of destiny but remains humble and grounds himself through strong friendships.",
    "facts": [
      "Harry Potter's wand is made of holly with a phoenix feather core — the same phoenix (Fawkes) provided the feather for Voldemort's wand.",
      "He is a natural Parseltongue (snake speaker) due to Voldemort's Horcrux within him.",
      "Harry became the youngest Quidditch Seeker in a century at Hogwarts.",
      "He is known as 'The Boy Who Lived' for surviving Voldemort's Avada Kedavra.",
      "In the epilogue, Harry becomes an Auror (dark wizard hunter) and marries Ginny Weasley."
    ]
  },
  {
    "name": "Joker",
    "aliases": [
      "Arthur Fleck",
      "The Clown Prince of Crime",
      "The Harlequin of Hate"
    ],
    "movies": [
      "Batman (1989)",
      "The Dark Knight (2008)",
      "Suicide Squad (2016)",
      "Joker (2019)",
      "Joker: Folie à Deux (2024)"
    ],
    "actor": "Heath Ledger (The Dark Knight), Joaquin Phoenix (Joker), Jack Nicholson (Batman 1989)",
    "background": "The Joker is Batman's most iconic nemesis — a criminal mastermind with a clown-like appearance and a warped, sadistic sense of humor. In Joker (2019), he is portrayed as Arthur Fleck, a failed stand-up comedian driven to madness by a cruel society.",
    "personality": "The Joker is chaotic, unpredictable, highly intelligent, and nihilistic. He believes that all it takes is 'one bad day' to reduce anyone to madness. He revels in anarchy and uses violence and psychological manipulation as tools of chaos.",
    "facts": [
      "Heath Ledger's portrayal in The Dark Knight won him a posthumous Academy Award for Best Supporting Actor.",
      "Joaquin Phoenix lost 52 pounds to play the Joker in the 2019 film.",
      "The Joker has no definitive origin story — his past is intentionally left ambiguous in many versions.",
      "The Joker is consistently ranked among the greatest movie villains of all time.",
      "Mark Hamill (Luke Skywalker) is widely considered the best voice actor for the Joker in animated series."
    ]
  },
  {
    "name": "Hermione Granger",
    "aliases": [
      "Hermione"
    ],
    "movies": [
      "Harry Potter and the Sorcerer's Stone (2001)",
      "Harry Potter and the Chamber of Secrets (2002)",
      "Harry Potter and the Prisoner of Azkaban (2004)",
      "Harry Potter and the Goblet of Fire (2005)",
      "Harry Potter and the Order of the Phoenix (2007)",
      "Harry Potter and the Half-Blood Prince (2009)",
      "Harry Potter and the Deathly Hallows – Part 1 (2010)",
      "Harry Potter and the Deathly Hallows – Part 2 (2011)"
    ],
    "actor": "Emma Watson",
    "background": "Hermione Granger is a Muggle-born witch and one of Harry Potter's closest friends. She is the brightest witch of her age at Hogwarts and plays a crucial role in defeating Voldemort through her vast knowledge of magic and meticulous planning.",
    "personality": "Hermione is highly intelligent, disciplined, rule-following, and compassionate. She is fiercely logical but also deeply empathetic. She advocates for the rights of house-elves and fights against inequality. She sometimes struggles with being perceived as a know-it-all.",
    "facts": [
      "Hermione used a Time-Turner in her third year to attend multiple classes simultaneously.",
      "She was the only one of the trio to return to Hogwarts and complete her seventh year after the war.",
      "Emma Watson has said she was most like Hermione in real life.",
      "Hermione is later revealed to have become Minister for Magic.",
      "She punched Draco Malfoy in the face in Prisoner of Azkaban — a fan-favorite moment."
    ]
  },
  {
    "name": "Batman",
    "aliases": [
      "Bruce Wayne",
      "The Dark Knight",
      "The Caped Crusader"
    ],
    "movies": [
      "Batman (1989)",
      "Batman Returns (1992)",
      "Batman Begins (2005)",
      "The Dark Knight (2008)",
      "The Dark Knight Rises (2012)",
      "Batman v Superman (2016)",
      "Justice League (2017)",
      "The Batman (2022)"
    ],
    "actor": "Christian Bale (Dark Knight trilogy), Ben Affleck (DCEU), Robert Pattinson (The Batman 2022)",
    "background": "Bruce Wayne witnessed the murder of his parents, Thomas and Martha Wayne, as a child in Gotham City. Driven by grief and rage, he trained himself to physical and intellectual perfection and became the vigilante Batman, vowing to wage a one-man war on crime.",
    "personality": "Batman is brooding, determined, calculating, and deeply compassionate beneath a cold exterior. He has a strict moral code against killing. He is paranoid and obsessively prepared — he has contingency plans for nearly every scenario, including defeating his own allies.",
    "facts": [
      "Batman has no superpowers — his abilities come entirely from intellect, physical training, and wealth.",
      "He is considered the world's greatest detective in the DC universe.",
      "The Bat-Signal on Gotham rooftops was originally designed by Alfred.",
      "Christian Bale's 'Batman voice' became a pop culture phenomenon.",
      "Robert Pattinson's Batman (2022) is considered one of the most grounded and noir-inspired portrayals."
    ]
  },
  {
    "name": "Darth Vader",
    "aliases": [
      "Anakin Skywalker",
      "The Dark Lord of the Sith",
      "Lord Vader"
    ],
    "movies": [
      "Star Wars: Episode IV – A New Hope (1977)",
      "Star Wars: Episode V – The Empire Strikes Back (1980)",
      "Star Wars: Episode VI – Return of the Jedi (1983)",
      "Star Wars: Episode I – The Phantom Menace (1999)",
      "Star Wars: Episode II – Attack of the Clones (2002)",
      "Star Wars: Episode III – Revenge of the Sith (2005)",
      "Rogue One: A Star Wars Story (2016)"
    ],
    "actor": "David Prowse (body), James Earl Jones (voice), Hayden Christensen (as Anakin Skywalker)",
    "background": "Once the heroic Jedi Knight Anakin Skywalker, he was seduced by the dark side of the Force and became Darth Vader, right hand of the Emperor. His redemption arc, driven by love for his son Luke, is the emotional heart of the original Star Wars trilogy.",
    "personality": "Darth Vader is commanding, ruthless, and intimidating — yet beneath his black armor lies a broken man consumed by guilt and love. He is fiercely loyal to his master but ultimately chooses family over power in his final moments.",
    "facts": [
      "Darth Vader's breathing sound effect was created using a scuba regulator.",
      "'I am your father' is considered the greatest plot twist in cinema history.",
      "James Earl Jones did not receive an on-screen credit for his voice work until Return of the Jedi.",
      "Vader's suit is designed to be a walking life-support system — without it he cannot survive.",
      "David Prowse, who physically wore the suit, didn't know his lines would be dubbed over until he saw the film."
    ]
  },
  {
    "name": "James Bond",
    "aliases": [
      "007",
      "Agent 007",
      "Bond"
    ],
    "movies": [
      "Dr. No (1962)",
      "Goldfinger (1964)",
      "The Spy Who Loved Me (1977)",
      "GoldenEye (1995)",
      "Casino Royale (2006)",
      "Skyfall (2012)",
      "No Time to Die (2021)"
    ],
    "actor": "Sean Connery, Roger Moore, Pierce Brosnan, Daniel Craig (James Bond films vary by era)",
    "background": "James Bond is a fictional British Secret Service agent with the code number 007, authorized to kill in the line of duty. Created by Ian Fleming, he is known for his suave demeanor, gadgets, fast cars, and globe-trotting missions against world-threatening villains.",
    "personality": "Bond is charming, confident, cool under pressure, and devastatingly witty. He is a master of disguise and improvisation. Despite his playboy exterior, he carries deep emotional scars — especially evident in Daniel Craig's portrayal.",
    "facts": [
      "Bond's famous introduction — 'Bond. James Bond.' — first appeared in Dr. No (1962).",
      "His preferred drink is a dry Martini — 'shaken, not stirred.'",
      "Daniel Craig's Casino Royale (2006) rebooted the franchise and is widely regarded as the best Bond film.",
      "Judi Dench played M across both the Brosnan and Craig eras — an unprecedented continuity.",
      "Skyfall (2012) is the highest-grossing Bond film, earning over $1.1 billion worldwide."
    ]
  },
  {
    "name": "Captain America",
    "aliases": [
      "Steve Rogers",
      "Cap",
      "The First Avenger"
    ],
    "movies": [
      "Captain America: The First Avenger (2011)",
      "The Avengers (2012)",
      "Captain America: The Winter Soldier (2014)",
      "Avengers: Age of Ultron (2015)",
      "Captain America: Civil War (2016)",
      "Avengers: Infinity War (2018)",
      "Avengers: Endgame (2019)"
    ],
    "actor": "Chris Evans",
    "background": "Steve Rogers was a frail young man from Brooklyn who was deemed unfit for military service during WWII. Selected for a secret super-soldier program, he was transformed by a serum into a peak-human warrior and became Captain America, a symbol of hope and justice.",
    "personality": "Steve Rogers is noble, selfless, principled, and unwavering in his sense of justice. He never backs down from a fight against bullies or oppression, regardless of the odds. He struggles with being a 'man out of time' but adapts through strong moral conviction.",
    "facts": [
      "Steve Rogers' shield is made of vibranium — the rarest metal in the Marvel universe.",
      "He was frozen in ice for 70 years after WWII before being revived by S.H.I.E.L.D.",
      "In Avengers: Endgame, he successfully lifts Thor's hammer Mjolnir — proving he is 'worthy.'",
      "His famous phrase 'I can do this all day' became a beloved Marvel meme.",
      "Chris Evans nearly turned down the role due to anxiety about the long-term commitment."
    ]
  },
  {
    "name": "Forrest Gump",
    "aliases": [
      "Forrest"
    ],
    "movies": [
      "Forrest Gump (1994)"
    ],
    "actor": "Tom Hanks",
    "background": "Forrest Gump is a kind-hearted man from Alabama with a below-average IQ who, despite his limitations, finds himself at the center of defining moments in American history — the Vietnam War, Watergate, the civil rights movement, and more — all while pursuing his love for Jenny.",
    "personality": "Forrest is innocent, sincere, fiercely loyal, and genuinely good-natured. He never overthinks or manipulates — he simply acts from a place of love and honesty. His simple worldview often cuts through complexity to reveal profound truths.",
    "facts": [
      "Tom Hanks won his second consecutive Academy Award for Best Actor for this role.",
      "The famous quote 'Life is like a box of chocolates' was inspired by real text in Winston Groom's novel.",
      "The CGI feather at the beginning and end of the film was groundbreaking for its time.",
      "Forrest ran across the entire United States for 3 years, 2 months, 14 days, and 16 hours.",
      "The film was adapted from a 1986 novel by Winston Groom."
    ]
  },
  {
    "name": "The Terminator",
    "aliases": [
      "T-800",
      "Skynet Terminator",
      "Arnold"
    ],
    "movies": [
      "The Terminator (1984)",
      "Terminator 2: Judgment Day (1991)",
      "Terminator 3: Rise of the Machines (2003)",
      "Terminator Salvation (2009)",
      "Terminator Genisys (2015)",
      "Terminator: Dark Fate (2019)"
    ],
    "actor": "Arnold Schwarzenegger",
    "background": "The T-800 is a cybernetic organism — living tissue over a metal endoskeleton — sent from the post-apocalyptic future. In the original film it is a relentless assassin; in Terminator 2, it is reprogrammed to protect John Connor, becoming one of cinema's most iconic heroic transformations.",
    "personality": "In the first film, the Terminator is cold, emotionless, and unstoppable. In T2, he begins to develop a rudimentary understanding of human emotion and sacrifice through his bond with young John Connor, making his final sacrifice deeply moving.",
    "facts": [
      "'I'll be back' is one of the most quoted movie lines in history.",
      "Arnold Schwarzenegger only has 17 lines in the original Terminator — about 700 words of dialogue.",
      "The T-1000 in Terminator 2 used groundbreaking CGI morphing effects that revolutionized the industry.",
      "O.J. Simpson was originally considered for the role of the Terminator.",
      "The film's budget was only $6.4 million — it grossed over $78 million worldwide."
    ]
  },
  {
    "name": "Jack Sparrow",
    "aliases": [
      "Captain Jack Sparrow",
      "Jack"
    ],
    "movies": [
      "Pirates of the Caribbean: The Curse of the Black Pearl (2003)",
      "Dead Man's Chest (2006)",
      "At World's End (2007)",
      "On Stranger Tides (2011)",
      "Dead Men Tell No Tales (2017)"
    ],
    "actor": "Johnny Depp",
    "background": "Captain Jack Sparrow is an eccentric, rum-loving pirate who sails the Caribbean seas aboard the Black Pearl. He is a clever, morally ambiguous anti-hero who uses cunning and luck to navigate impossible situations while always looking out — primarily — for himself.",
    "personality": "Jack Sparrow is unpredictable, theatrical, seemingly drunk, yet surprisingly brilliant. He uses misdirection and chaos as deliberate tactics. He has a surprisingly strong moral compass hidden beneath layers of self-interest and comedic eccentricity.",
    "facts": [
      "Johnny Depp based his portrayal of Jack Sparrow on Rolling Stones guitarist Keith Richards.",
      "Keith Richards himself played Jack's father in At World's End.",
      "Jack's eccentric walk and slurred speech were not originally approved by Disney executives.",
      "The character was originally written as a conventional action hero — Depp transformed him entirely.",
      "'This is the day you will always remember as the day you almost caught Captain Jack Sparrow' is a fan-favorite quote."
    ]
  },
  {
    "name": "Hannibal Lecter",
    "aliases": [
      "Hannibal the Cannibal",
      "Dr. Lecter"
    ],
    "movies": [
      "Manhunter (1986)",
      "The Silence of the Lambs (1991)",
      "Hannibal (2001)",
      "Red Dragon (2002)",
      "Hannibal Rising (2007)"
    ],
    "actor": "Anthony Hopkins (The Silence of the Lambs), Brian Cox (Manhunter)",
    "background": "Dr. Hannibal Lecter is a brilliant psychiatrist and cannibalistic serial killer. He is incarcerated after his crimes are discovered and later aids FBI trainee Clarice Starling in tracking another serial killer, Buffalo Bill, in The Silence of the Lambs.",
    "personality": "Lecter is supremely intelligent, cultured, refined, and utterly terrifying. He has impeccable taste in art, music, food, and wine — yet is capable of horrific violence. He respects intelligence and punishes rudeness with lethal efficiency.",
    "facts": [
      "Anthony Hopkins' portrayal is one of the most iconic in cinema history, winning the Academy Award for Best Actor — despite only appearing on screen for about 16 minutes.",
      "The Silence of the Lambs is one of only three films to win all five major Academy Awards.",
      "Hannibal Lecter was ranked #1 on the AFI's list of greatest movie villains.",
      "Hopkins said he modeled Lecter's speech pattern on HAL 9000 from 2001: A Space Odyssey.",
      "The famous 'fava beans and a nice Chianti' quote was improvised by Hopkins."
    ]
  },
  {
    "name": "Scarlett O'Hara",
    "aliases": [
      "Scarlett"
    ],
    "movies": [
      "Gone with the Wind (1939)"
    ],
    "actor": "Vivien Leigh",
    "background": "Scarlett O'Hara is the headstrong, cunning protagonist of Gone with the Wind. Set during the American Civil War and Reconstruction era, she fights to save her family plantation, Tara, using charm, manipulation, and sheer determination to survive impossible odds.",
    "personality": "Scarlett is selfish, vain, resilient, and fiercely independent. She prioritizes survival and ambition above romance and social convention. Despite her flaws, she is deeply courageous in the face of war, poverty, and loss.",
    "facts": [
      "Vivien Leigh beat over 1,400 actresses to win the role of Scarlett O'Hara.",
      "Gone with the Wind remains the highest-grossing film ever when adjusted for inflation.",
      "The iconic line 'Frankly, my dear, I don't give a damn' was nearly censored by the Production Code.",
      "Vivien Leigh won the Academy Award for Best Actress for this role.",
      "Scarlett's famous dress was made from Tara's curtains — a symbol of her resourcefulness."
    ]
  },
  {
    "name": "Sherlock Holmes",
    "aliases": [
      "Holmes",
      "The Great Detective",
      "Sherlock"
    ],
    "movies": [
      "Sherlock Holmes (2009)",
      "Sherlock Holmes: A Game of Shadows (2011)",
      "Mr. Holmes (2015)"
    ],
    "actor": "Robert Downey Jr. (films), Benedict Cumberbatch (TV Series Sherlock)",
    "background": "Sherlock Holmes is a brilliant consulting detective at 221B Baker Street, London, renowned for his extraordinary powers of observation, deduction, and forensic science. Created by Sir Arthur Conan Doyle, he solves cases the police cannot — often alongside his trusted friend Dr. John Watson.",
    "personality": "Holmes is exceptionally intelligent, analytical, and detail-oriented. He is often cold and clinical, struggles with social norms, and battles boredom between cases — sometimes resorting to drug use. Despite apparent detachment, he deeply cares about justice.",
    "facts": [
      "Sherlock Holmes is the most portrayed fictional human character in film history.",
      "The phrase 'Elementary, my dear Watson' does not appear in any of Conan Doyle's original stories.",
      "Holmes' iconic deerstalker cap was popularized by illustrators, not the original books.",
      "Robert Downey Jr.'s portrayal emphasizes Holmes as an action hero with martial arts skills.",
      "Benedict Cumberbatch's portrayal in the BBC series modernized Holmes for the 21st century."
    ]
  },
  {
    "name": "Ellen Ripley",
    "aliases": [
      "Ripley",
      "Lieutenant Ripley"
    ],
    "movies": [
      "Alien (1979)",
      "Aliens (1986)",
      "Alien 3 (1992)",
      "Alien: Resurrection (1997)"
    ],
    "actor": "Sigourney Weaver",
    "background": "Ellen Ripley is a warrant officer aboard the commercial spacecraft Nostromo who becomes the sole survivor of an alien creature attack. Across four films, she evolves from a resourceful survivor into humanity's most relentless defender against the Xenomorph threat.",
    "personality": "Ripley is brave, resourceful, pragmatic, and fiercely protective — especially of children. She makes difficult decisions under pressure and doesn't shy away from sacrifice. She is largely considered one of cinema's greatest female heroes.",
    "facts": [
      "Sigourney Weaver received an Academy Award nomination for Best Actress for Aliens — rare for a sci-fi/action role.",
      "Ripley was originally written as a male character before being rewritten for Weaver.",
      "Time Magazine ranked Ripley as one of the 100 greatest fictional characters.",
      "The Alien Queen in Aliens was a 14-foot hydraulic puppet operated by 16 people.",
      "Ripley's famous line 'Get away from her, you bitch!' was improvised by Weaver."
    ]
  },
  {
    "name": "Simba",
    "aliases": [
      "Simba the Lion King",
      "The Lion King"
    ],
    "movies": [
      "The Lion King (1994)",
      "The Lion King (2019)"
    ],
    "actor": "Matthew Broderick (1994 adult Simba), Donald Glover (2019 adult Simba), Jonathan Taylor Thomas (1994 young Simba)",
    "background": "Simba is the young lion prince of the Pride Lands in Africa. After his father Mufasa is murdered by his uncle Scar, Simba flees in shame and must eventually return to reclaim his rightful place as king after years of self-imposed exile.",
    "personality": "Young Simba is playful, adventurous, and reckless. As an adult, he is thoughtful but burdened by grief and guilt. His journey is one of accepting responsibility, confronting the past, and growing into leadership.",
    "facts": [
      "The Lion King is loosely based on Shakespeare's Hamlet.",
      "The film's 'Circle of Life' opening sequence was created without any studio approval — executives loved it.",
      "Hans Zimmer's score and Elton John's songs became instant classics.",
      "The 1994 film was Disney's highest-grossing traditionally animated film of all time.",
      "'Hakuna Matata' is a real Swahili phrase meaning 'no worries.'"
    ]
  },
  {
    "name": "Maleficent",
    "aliases": [
      "The Mistress of All Evil"
    ],
    "movies": [
      "Sleeping Beauty (1959)",
      "Maleficent (2014)",
      "Maleficent: Mistress of Evil (2019)"
    ],
    "actor": "Angelina Jolie (Maleficent 2014/2019)",
    "background": "Originally the iconic villain of Sleeping Beauty, Maleficent was reimagined in 2014 as a powerful fairy whose pure heart was betrayed by human greed, leading her to curse the infant Aurora. The film reframes the classic story from the villain's perspective.",
    "personality": "Maleficent is imposing, powerful, and deeply wounded. In her reimagined form, she begins cold and vengeful but slowly redeems herself through maternal love for Aurora. She is fiercely protective of her magical homeland, the Moors.",
    "facts": [
      "Angelina Jolie's horns in the film are prosthetics that took 3 hours to apply each day.",
      "The character is loosely inspired by a dark fairy in Charles Perrault's original Sleeping Beauty tale.",
      "The 2014 film grossed over $758 million worldwide.",
      "Maleficent's transformation into a dragon in the animated original remains one of Disney's most iconic villain moments.",
      "Jolie's daughter Vivienne Jolie-Pitt played young Aurora in the 2014 film."
    ]
  },
  {
    "name": "Neo",
    "aliases": [
      "Thomas Anderson",
      "The One"
    ],
    "movies": [
      "The Matrix (1999)",
      "The Matrix Reloaded (2003)",
      "The Matrix Revolutions (2003)",
      "The Matrix Resurrections (2021)"
    ],
    "actor": "Keanu Reeves",
    "background": "Thomas Anderson is a computer programmer by day and hacker called Neo by night. When he discovers that the world he knows is a simulated reality called the Matrix, he is awakened to his destiny as The One — a prophesied figure who will end the war between humans and machines.",
    "personality": "Neo is initially uncertain and self-doubting. As he grows into his powers, he becomes resolute, compassionate, and fearless. He is driven by love — for Trinity and for humanity — rather than power or rage.",
    "facts": [
      "Keanu Reeves trained for 4 months to perform the martial arts sequences in The Matrix.",
      "The red pill/blue pill choice has become a major cultural metaphor for truth vs. comfortable illusion.",
      "The 'bullet time' camera technique pioneered in The Matrix revolutionized action filmmaking.",
      "Will Smith, Nicolas Cage, and Brad Pitt all turned down the role of Neo.",
      "Neo is an anagram of 'One' — a subtle hint at his destiny hidden in plain sight."
    ]
  },
  {
    "name": "Optimus Prime",
    "aliases": [
      "Orion Pax",
      "Prime"
    ],
    "movies": [
      "Transformers (2007)",
      "Revenge of the Fallen (2009)",
      "Dark of the Moon (2011)",
      "Age of Extinction (2014)",
      "The Last Knight (2017)",
      "Rise of the Beasts (2023)"
    ],
    "actor": "Peter Cullen (voice)",
    "background": "Optimus Prime is the courageous leader of the Autobots, a race of sentient robots from the planet Cybertron. He transforms into a Peterbilt truck and leads his team in protecting Earth and humanity from the Decepticons led by Megatron.",
    "personality": "Optimus Prime embodies noble leadership — brave, just, compassionate, and self-sacrificing. He believes in freedom for all sentient beings and leads by example. He is the moral compass of the Transformers universe.",
    "facts": [
      "Peter Cullen voiced Optimus Prime in the 1984 cartoon and reprised the role in the live-action films.",
      "He was inspired by John Wayne's moral screen presence.",
      "Optimus has died and been resurrected multiple times across different Transformers continuities.",
      "His iconic phrase is 'Autobots, roll out!'",
      "He is consistently ranked among the most iconic animated characters of the 1980s."
    ]
  },
  {
    "name": "Katniss Everdeen",
    "aliases": [
      "Katniss",
      "The Girl on Fire",
      "Mockingjay"
    ],
    "movies": [
      "The Hunger Games (2012)",
      "Catching Fire (2013)",
      "Mockingjay – Part 1 (2014)",
      "Mockingjay – Part 2 (2015)",
      "The Hunger Games: The Ballad of Songbirds and Snakes (2023)"
    ],
    "actor": "Jennifer Lawrence",
    "background": "Katniss Everdeen is a teenage girl from District 12 in the dystopian nation of Panem. She volunteers to take her younger sister's place in the brutal Hunger Games and becomes the reluctant symbol of a revolution against the oppressive Capitol.",
    "personality": "Katniss is stoic, fiercely protective of loved ones, and deeply moral. She is not a natural politician or schemer — she acts from instinct and love. Her greatest strength is her authenticity, which inadvertently makes her the most powerful symbol of rebellion.",
    "facts": [
      "Jennifer Lawrence was 21 when she filmed the first Hunger Games, younger than the 16-year-old Katniss she played.",
      "Her archery skills — she trained extensively — were largely real in the film.",
      "The Mockingjay symbol became a real-world symbol of protest in Thailand and Hong Kong.",
      "Jennifer Lawrence won the Academy Award for Best Actress the same year The Hunger Games was released.",
      "The Hunger Games trilogy has sold over 100 million copies worldwide."
    ]
  },
  {
    "name": "Indiana Jones",
    "aliases": [
      "Indy",
      "Dr. Jones",
      "Henry Jones Jr."
    ],
    "movies": [
      "Raiders of the Lost Ark (1981)",
      "Temple of Doom (1984)",
      "The Last Crusade (1989)",
      "Kingdom of the Crystal Skull (2008)",
      "Dial of Destiny (2023)"
    ],
    "actor": "Harrison Ford",
    "background": "Dr. Henry 'Indiana' Jones Jr. is an archaeologist and university professor by day, and a globe-trotting adventurer by choice. He seeks out ancient artifacts and relics — most famously the Ark of the Covenant and the Holy Grail — while battling Nazis and other villains.",
    "personality": "Indiana Jones is brave, roguish, sarcastic, and self-deprecating. He uses humor to mask fear and projects confidence even when improvising desperately. He genuinely believes ancient artifacts belong in museums — making him a hero with both brains and heart.",
    "facts": [
      "Tom Selleck was originally cast as Indiana Jones but had to drop out due to Magnum P.I. commitments.",
      "Harrison Ford has said the whip was added to the costume to set Jones apart from Flash Gordon.",
      "Indy famously has a deathly fear of snakes — ironic for a fearless adventurer.",
      "The boulder scene in Raiders of the Lost Ark is repeatedly ranked the greatest opening sequence in cinema.",
      "George Lucas named the character after his dog, Indiana, an Alaskan Malamute."
    ]
  },
  {
    "name": "Vito Corleone",
    "aliases": [
      "The Godfather",
      "Don Corleone"
    ],
    "movies": [
      "The Godfather (1972)",
      "The Godfather Part II (1974)"
    ],
    "actor": "Marlon Brando (The Godfather), Robert De Niro (young Vito in Part II)",
    "background": "Vito Corleone is the powerful patriarch of the Corleone crime family in New York. An Italian immigrant who rose from poverty to become a feared and respected crime boss, he rules through a combination of loyalty, intimidation, and carefully maintained favors.",
    "personality": "Don Corleone is patient, wise, calculating, and deeply family-oriented. He never acts rashly and always speaks softly but carries enormous authority. He is courteous and generous to those who respect him, but pitilessly ruthless to those who betray his family.",
    "facts": [
      "Marlon Brando stuffed his cheeks with cotton wool during his audition to achieve the Don's distinctive look.",
      "Robert De Niro won the Academy Award for Best Supporting Actor for his portrayal of young Vito.",
      "The Godfather is widely considered the greatest American film ever made.",
      "The cat Brando holds in the opening scene was a stray Brando found on the Paramount lot.",
      "The offer 'I'll make him an offer he can't refuse' was named the #2 greatest movie quote of all time by the AFI."
    ]
  },
  {
    "name": "Gollum",
    "aliases": [
      "Sméagol",
      "My Precious"
    ],
    "movies": [
      "The Lord of the Rings: The Two Towers (2002)",
      "The Lord of the Rings: The Return of the King (2003)",
      "The Hobbit: An Unexpected Journey (2012)",
      "The Hobbit: The Desolation of Smaug (2013)"
    ],
    "actor": "Andy Serkis (motion capture performance)",
    "background": "Sméagol was a Stoor Hobbit who discovered the One Ring and was corrupted by its power over 500 years. Known as Gollum for the guttural sound he makes, he serves as guide, antagonist, and tragic figure in the quest to destroy the Ring.",
    "personality": "Gollum is deeply fractured — torn between his corrupted 'Gollum' persona and the remnants of kindly 'Sméagol.' He is duplicitous, obsessive, pitiable, and dangerous. His ultimate tragedy is that he cannot be saved from his addiction to the Ring.",
    "facts": [
      "Andy Serkis's performance revolutionized the use of motion capture acting in filmmaking.",
      "Gollum was one of the first entirely CGI main characters in a major film.",
      "The famous 'riddles in the dark' scene between Gollum and Bilbo is considered one of Middle-earth's greatest moments.",
      "Gollum's split personality conversations — filmed by Serkis acting against himself — are cinema masterclasses.",
      "Peter Jackson considered Serkis's Gollum performance worthy of an Academy Award nomination — a campaign was launched but ultimately failed."
    ]
  },
  {
    "name": "Black Widow",
    "aliases": [
      "Natasha Romanoff",
      "Natasha",
      "Agent Romanoff"
    ],
    "movies": [
      "Iron Man 2 (2010)",
      "The Avengers (2012)",
      "Captain America: The Winter Soldier (2014)",
      "Avengers: Age of Ultron (2015)",
      "Captain America: Civil War (2016)",
      "Avengers: Infinity War (2018)",
      "Avengers: Endgame (2019)",
      "Black Widow (2021)"
    ],
    "actor": "Scarlett Johansson",
    "background": "Natasha Romanoff was trained from childhood as a spy and assassin in the Soviet Red Room program. She defected to S.H.I.E.L.D. and became a founding Avenger. She ultimately sacrifices herself on Vormir so that Hawkeye can retrieve the Soul Stone.",
    "personality": "Natasha is cool, tactical, and emotionally guarded — her KGB training makes her expert at reading people and controlling her own emotions. Beneath her spy exterior, she is deeply loyal and driven by a desire to atone for her 'red ledger' of past actions.",
    "facts": [
      "Scarlett Johansson is the highest-grossing actress of all time largely due to the MCU films.",
      "Natasha's Black Widow persona is one of the few not tied to a superpower — she relies on peak human athleticism and combat training.",
      "Her 'Widow's Bite' electro-static bracelets became one of the MCU's most iconic weapons.",
      "The Red Room program that trained Natasha was revealed to use mind control to enslave operatives.",
      "Black Widow (2021) introduced Yelena Belova as her sister and successor."
    ]
  },
  {
    "name": "Spider-Man",
    "aliases": [
      "Peter Parker",
      "Spidey",
      "Your Friendly Neighborhood Spider-Man"
    ],
    "movies": [
      "Spider-Man (2002)",
      "Spider-Man 2 (2004)",
      "Spider-Man: Homecoming (2017)",
      "Spider-Man: Far From Home (2019)",
      "Spider-Man: No Way Home (2021)",
      "Spider-Man: Into the Spider-Verse (2018)",
      "Spider-Man: Across the Spider-Verse (2023)"
    ],
    "actor": "Tobey Maguire (2002–2007), Andrew Garfield (2012–2014), Tom Holland (2017–present)",
    "background": "Peter Parker is a teenage science enthusiast from Queens, New York, who gained spider-like superpowers after being bitten by a radioactive spider. He uses his powers to fight crime as Spider-Man while juggling school, relationships, and a secret identity — guided by the motto 'With great power comes great responsibility.'",
    "personality": "Peter Parker is intelligent, witty, empathetic, and self-sacrificing. He struggles with the weight of responsibility and the personal costs of heroism — consistently losing loved ones. His greatest power may not be his wall-crawling but his indomitable spirit.",
    "facts": [
      "Three different actors have played Spider-Man in live-action films — and all three appeared in No Way Home.",
      "The character was created by Stan Lee and Steve Ditko in 1962.",
      "Spider-Man 2 (2004) is widely considered one of the greatest superhero films ever made.",
      "Into the Spider-Verse won the Academy Award for Best Animated Feature Film.",
      "Tom Holland's Peter Parker is the first to be shown in a school setting realistically during the MCU era."
    ]
  }
]